,distanced precision,distanced recall,distanced f1,non distanced precision,non distanced recall,non distanced f1
0,0.8761904761904762,0.92,0.8975609756097561,0.958974358974359,0.935,0.9468354430379747
