Model, Dist. Precision,Dist. Recall,Dist. F1
ResNet50,0.8598130841121495,0.92,0.888888888888889
VGG16,0.8867924528301887,0.94,0.912621359223301
