Model, Dist. Precision,Dist. Recall,Dist. F1
Combined,0.8761904761904762,0.92,0.8975609756097561
