Model, Non-dist. Precision,Non-dist. Recall,Non-dist. F1
ResNet50,0.9585492227979274,0.925,0.9414758269720102
VGG16,0.9690721649484536,0.94,0.9543147208121826
